Simulacao,Tempo_Execucao_Segundos,Media_Tempo_Cumulativa,Acuracia,Media_Acuracia_Cumulativa
1,119.20708584785461,119.20708584785461,0.9589640209109236,0.9589640209109236
2,114.51119661331177,116.85914123058319,0.9601462397922574,0.9595551303515906
3,144.50253820419312,126.07360688845317,0.9604264188334984,0.9598455598455599
4,118.55755615234375,124.19459420442581,0.9591348617897291,0.9596678853316022
5,103.77445602416992,120.11056656837464,0.9601394061571052,0.9597621894967029
6,159.93868017196655,126.74858550230663,0.9607749342262617,0.9599309802849626
7,143.7200367450714,129.1730785369873,0.9611166159838727,0.9601003568133784
8,114.14887142181396,127.29505264759064,0.9599002289267776,0.9600753408275533
9,110.52214884757996,125.43139666981168,0.9596132162503844,0.9600239936523123
10,109.59083223342896,123.8473402261734,0.9594560426418833,0.9599671985512694
11,107.11250352859497,122.32599143548445,0.9599412307376909,0.9599648378409441
12,149.34305810928345,124.57741365830104,0.9597772234940376,0.9599492033120353
13,115.1594648361206,123.85295605659485,0.9591690299654901,0.9598891899776857
14,144.3326873779297,125.31579400811877,0.9608296033074795,0.9599563623583852
15,109.4308488368988,124.25679766337076,0.9590733590733591,0.9598974954727169
16,115.89902806282043,123.73443706333637,0.9592715344927735,0.9598583729114702
17,122.90574812889099,123.68569065542782,0.9590801927085113,0.9598125976054139
18,109.22351861000061,122.88223665290408,0.9590596918030546,0.9597707695052828
19,112.23359251022339,122.32178169802616,0.958260156490245,0.959691263557123
20,109.3759081363678,121.67448801994324,0.9591143608842724,0.9596624184234803
21,105.08282375335693,120.88440876915341,0.9594492090067311,0.9596522655941113
22,109.20097947120667,120.35334380106492,0.9594697099121878,0.9596439676085694
23,121.86243939399719,120.41895665293154,0.9601052379813442,0.9596640228421683
24,121.30639362335205,120.45593319336574,0.9597088871425155,0.9596658921880161
25,117.31821942329407,120.33042464256286,0.9598455598455599,0.959673078894318
26,116.3569324016571,120.17759801791264,0.9584651655448115,0.9596266206885677
27,115.85363984107971,120.01745141877069,0.9608432705777838,0.9596716817955757
28,123.79182481765747,120.15225046873093,0.9597635562237332,0.9596749630251528
29,122.76412105560303,120.24231497172651,0.9593672053849045,0.9596643506927304
30,173.45481896400452,122.01606510480245,0.9603239143062152,0.9596863361465132
31,120.76082253456116,121.97557340898821,0.9596473844261455,0.9596850796394045
32,116.06909394264221,121.7909959256649,0.9596747189667544,0.9596847558683841
33,110.9788510799408,121.46335517276417,0.9588751836539448,0.9596602233770374
34,108.34852480888367,121.07762486794415,0.9596747189667544,0.9596606497179114
35,112.58067202568054,120.83485478673663,0.9592988690333824,0.9596503131269248
36,121.02909421920776,120.8402503265275,0.9602282434140841,0.9596663667460127
37,124.03534841537476,120.92660432892876,0.9601052379813442,0.9596782281307514
38,115.23370432853699,120.77679117102372,0.9587863463969659,0.9596547575588096
39,116.61294651031494,120.67002592331323,0.9584514982745072,0.9596239047566479
40,175.80203342437744,122.04832611083984,0.9588136809375748,0.9596036491611712
41,126.10282111167908,122.14721623281153,0.9597362216831243,0.9596068826373164
42,115.27082943916321,121.98349273772467,0.9583626610175283,0.9595772583130359
43,115.03586983680725,121.82192011212193,0.9597088871425155,0.9595803194486052
44,128.76302647590637,121.97967252948068,0.959442375371579,0.9595771843559455
45,181.6338448524475,123.30532080332438,0.9607612669559572,0.9596034973026124
46,118.21878218650818,123.19474387687185,0.9588820172890969,0.9595878129544926
47,120.59165143966675,123.1393589313994,0.9592168654115557,0.9595799204535791
48,114.12836956977844,122.95162998636563,0.9597977243994943,0.9595844580357854
49,118.85433220863342,122.8680116643711,0.9591690299654901,0.9595759799119018
50,105.39934706687927,122.51863837242126,0.9596200498855366,0.9595768613113745
51,175.64132356643677,123.56025965073529,0.9606655960638262,0.9595982090516186
52,160.48070549964905,124.27026822475287,0.9601599070625619,0.9596090109364445
53,163.71767473220825,125.01455891357278,0.9597088871425155,0.9596108953931628
54,114.48385810852051,124.81954593570144,0.9594082071958178,0.9596071419080269
55,121.13362073898315,124.75252911394293,0.959756722588581,0.9596098615567642
56,119.55326581001282,124.65968512637275,0.9595927153449277,0.95960955537441
57,111.95958495140076,124.43687635137324,0.9606314278880651,0.9596274829623689
58,115.36955308914185,124.2805431916796,0.9598865616564731,0.9596319498364052
59,134.47469663619995,124.45332545345113,0.9609184405644583,0.9596537547639993
60,116.45955228805542,124.32009590069453,0.95947654354734,0.9596508012437216
61,109.16845035552979,124.07170826880659,0.9594355417364266,0.9596472723993397
62,116.22103834152222,123.94508456030199,0.9585198346260293,0.959629087919125
63,114.38280248641968,123.793302305161,0.9599207298322343,0.959633717155841
64,119.91271257400513,123.7326680906117,0.9592441999521646,0.9596276309495335
65,115.56110715866089,123.60695176858168,0.9600505689001264,0.959634137687235
66,110.73838186264038,123.41197343667348,0.9588683500187924,0.9596225348437737
67,118.61006236076355,123.34030312210766,0.9587180100454437,0.9596090344736494
68,121.13115954399109,123.30781571654713,0.9598113916697988,0.9596120103147693
69,115.68201613426208,123.19729688202125,0.9590323572624457,0.959603609545895
70,163.51810383796692,123.77330840996333,0.961191785970547,0.9596262977805328
71,115.33943724632263,123.65452149216559,0.9586428400587692,0.9596124462633249
72,156.79519534111023,124.11480862895648,0.9601189052516487,0.9596194804159405
73,116.65635991096497,124.01263809857303,0.9597635562237332,0.9596214540571432
74,174.7148962020874,124.69780374862053,0.9604605870092596,0.9596327936916313
75,113.33637928962708,124.54631808916727,0.9594287081012745,0.9596300725504265
76,114.33675217628479,124.41198169557671,0.9589025181945536,0.9596204994667965
77,167.57473254203796,124.97253690137492,0.9599685652782998,0.9596250198020109
78,164.7903823852539,125.48302209988618,0.9600300679946697,0.9596302127275578
79,111.21016573905945,125.30235303202763,0.9594492090067311,0.9596279215412182
80,154.33330464363098,125.66523992717266,0.9601120716164964,0.9596339734171593
81,108.92588019371033,125.45858116503115,0.9593740390200567,0.9596307643505285
82,104.05685687065125,125.19758452729481,0.9594013735606656,0.9596279669018717
83,143.9481806755066,125.42349532426121,0.9606177606177606,0.9596398921273643
84,112.93420028686523,125.2748132404827,0.9589503536406191,0.9596316833358555
85,151.15101742744446,125.579239172094,0.9597703898588854,0.9596333151773029
86,115.34630727767944,125.4602515919264,0.95929203539823,0.9596293468077789
87,108.20866107940674,125.26195744810433,0.9593672053849045,0.9596263336879758
88,146.08856201171875,125.4986234090545,0.960911606929306,0.9596409390657178
89,103.15243268013,125.24754261434748,0.9594355417364266,0.9596386312305571
90,113.17293691635132,125.11338032881419,0.9603580824819763,0.9596466251333506
91,145.05186772346497,125.33248458589826,0.9611507841596337,0.9596631543534196
92,106.48764228820801,125.12764934353207,0.9592988690333824,0.9596591947303758
93,109.30070042610168,124.95746709710808,0.958478832815116,0.9596465026667708
94,110.732661485672,124.80613937783748,0.9597635562237332,0.9596477479173767
95,109.85524415969849,124.64876153343602,0.9598387262104077,0.9596497582151982
96,152.32166290283203,124.93702092270057,0.9604674206444118,0.9596582755321693
97,147.44822120666504,125.16909515243216,0.9599617316431476,0.9596614039456846
98,106.78961062431335,124.98154939194114,0.9599685652782998,0.959664538244997
99,136.65485072135925,125.09946152658173,0.9605767588068473,0.9596737525941067
100,105.44860577583313,124.90295296907425,0.9607681005911094,0.9596846960740767
