ite,Acuracia,tExecS,MediaAcCumulativa,MediaTCumulativa
1,0.9966925205863258,4.733926296234131,0.9966925205863258,4.733926296234131
2,0.9964601769911504,4.110289573669434,0.9965763487887381,4.422107934951782
3,0.9965900160590426,3.9649150371551514,0.9965809045455063,4.269710302352905
4,0.996412341545085,4.825774431228638,0.996538763795401,4.408726334571838
5,0.9966378515051082,5.855377197265625,0.9965585813373424,4.6980565071105955
6,0.996412341545085,4.111899137496948,0.9965342080386329,4.600363612174988
7,0.9967061878566303,5.619367837905884,0.9965587765840611,4.745935644422259
8,0.9967540233026959,6.612715005874634,0.9965831824238904,4.9792830646038055
9,0.9963986742747805,3.989035129547119,0.9965626815184339,4.8692555162641735
10,0.9967676905730003,4.0051891803741455,0.9965831824238904,4.782848882675171
11,0.9967198551269347,5.133457899093628,0.9965956072150763,4.814722429622304
12,0.996323504288106,3.331935167312622,0.9965729319711621,4.69115682442983
13,0.9968155260190659,7.450239658355713,0.9965915930517701,4.903393965501052
14,0.9965011788020638,3.8263039588928223,0.9965851348910768,4.826458965029035
15,0.9966105169644993,12.857810020446777,0.996586827029305,5.361882368723552
16,0.9972187104930468,9.219808578491211,0.9966263197457887,5.60300275683403
17,0.9967198551269347,15.236436128616333,0.9966318218270326,6.169675308115342
18,0.9967471896675436,10.182923316955566,0.9966382311515054,6.392633530828688
19,0.996665186045717,6.2559733390808105,0.9966396498301482,6.3854408891577465
20,0.9968018587487614,3.9555201530456543,0.9966477602760788,6.263944852352142
21,0.9967813578433048,4.933220148086548,0.9966541220649943,6.200577009291876
22,0.9965216797075204,4.835225343704224,0.9966481019578364,6.138515569946983
23,0.9963918406396283,4.50507664680481,0.9966369601613926,6.0674964863321055
24,0.9968360269245224,5.021610498428345,0.9966452546098564,6.023917903502782
25,0.9964601769911504,3.9973719120025635,0.9966378515051082,5.942856063842774
26,0.9965900160590426,4.89673113822937,0.9966360116802595,5.90262048978072
27,0.9964260088153893,4.546337604522705,0.9966282337963754,5.852387790326719
28,0.9968565278299791,4.445339202880859,0.9966363871547185,5.802136055060795
29,0.9964055079099327,4.904033422470093,0.9966284258014501,5.771166998764564
30,0.9966378515051082,4.311324834823608,0.996628739991572,5.722505593299866
31,0.9967403560323914,6.839226722717285,0.9966323405090177,5.758528855539137
32,0.9967745242081525,4.78995943069458,0.9966367837496156,5.728261061012745
33,0.9967471896675436,6.781658172607422,0.9966401293834921,5.760182185606523
34,0.9964875115317593,5.136304140090942,0.9966356406231471,5.741832831326653
35,0.9966720196808693,3.423858880996704,0.9966366800247964,5.675605004174368
36,0.9970957050603069,5.0826637744903564,0.9966494307202274,5.659134414460924
37,0.9966583524105648,4.4041924476623535,0.9966496718469932,5.625217064006908
38,0.9964875115317593,3.455688714981079,0.9966454044702765,5.568124212716755
39,0.9965695151535859,3.9303879737854004,0.9966434585903615,5.526130975821079
40,0.9965421806129771,5.319506406784058,0.9966409266409265,5.520965361595154
41,0.996726688762087,5.570676565170288,0.9966430183999793,5.5221778299750355
42,0.9967403560323914,5.358508825302124,0.9966453359626557,5.518280948911395
43,0.9965900160590426,5.54899525642395,0.9966440494532693,5.518995235132617
44,0.9966788533160215,5.214750289916992,0.9966448404501501,5.512080577286807
45,0.9966993542214782,4.586135625839233,0.9966460518672906,5.491504022810195
46,0.996603683329347,6.026115417480469,0.9966451308121179,5.5031260096508525
47,0.9968360269245224,5.516027927398682,0.9966491924315307,5.503400518539104
48,0.9965695151535859,5.259424924850464,0.9966475324882405,5.49831769367059
49,0.9964055079099327,4.322018384933472,0.9966425932111321,5.4743115853290165
50,0.9968155260190659,5.302850723266602,0.9966460518672907,5.470882368087769
51,0.9964601769911504,4.858094692230225,0.9966424072618763,5.458866923463111
52,0.9968360269245224,4.744817018508911,0.9966461307169271,5.445135194521684
53,0.9966515187754126,6.117224454879761,0.996646232378408,5.457816123962402
54,0.9964191751802371,4.834702014923096,0.9966420276154788,5.446276973795007
55,0.9966446851402604,5.167786359786987,0.9966420759341112,5.441213508085771
56,0.9966856869511737,4.105531692504883,0.9966428547022732,5.417362047093255
57,0.9965353469778249,5.7596962451934814,0.9966409686018443,5.423367910217821
58,0.9964670106263026,5.804724216461182,0.9966379693264039,5.429943018946155
59,0.9968428605596747,4.977463483810425,0.9966414420591713,5.422273874282837
60,0.997006867803328,6.008944988250732,0.9966475324882406,5.432051726182302
61,0.9966925205863258,5.742936134338379,0.9966482699980452,5.437148191889778
62,0.9966583524105648,4.941948890686035,0.9966484326176019,5.429161106386492
63,0.9966925205863258,3.813823699951172,0.9966491324266294,5.403520830093869
64,0.9967403560323914,5.37855863571167,0.9966505577954693,5.403130795806646
65,0.9964533433559982,3.7509751319885254,0.9966475237271698,5.37771301636329
66,0.9967130214917825,4.640462398529053,0.9966485161175428,5.366542552456711
67,0.9966446851402604,4.85331654548645,0.9966484589387773,5.358882462800438
68,0.9963576724638672,4.805388450622559,0.9966441826670875,5.3507428449742935
69,0.9968155260190659,4.913563013076782,0.9966466659040727,5.344406905381576
70,0.9967471896675436,3.6200833320617676,0.9966481019578365,5.319773711477008
71,0.9964191751802371,4.953855037689209,0.9966448776370253,5.314619927339151
72,0.9966378515051082,3.4529056549072266,0.9966447800518596,5.288762784666485
73,0.9965216797075204,4.1112072467803955,0.9966430937457729,5.272631886887224
74,0.9965831824238904,3.5354652404785156,0.996642284133315,5.249156661935754
75,0.9967608569378481,4.821330785751343,0.9966438651040422,5.243452316919963
76,0.9965968496941948,4.617549180984497,0.9966432464802285,5.235216749341864
77,0.9966720196808693,4.745867013931274,0.9966436201581589,5.228861557972896
78,0.9966173505996515,3.9991698265075684,0.9966432833689473,5.213096279364366
79,0.9967745242081525,4.964357614517212,0.9966449446453929,5.209947688670098
80,0.9967403560323914,4.973612546920776,0.9966461372877301,5.206993499398232
81,0.9966310178699559,4.905940055847168,0.9966459506282515,5.203276790218589
82,0.9966788533160215,4.0599610805511475,0.9966463518805414,5.189333915710449
83,0.9965968496941948,3.72428560256958,0.9966457554686577,5.171682731214776
84,0.9968018587487614,4.922788619995117,0.9966476138410401,5.168719706081209
85,0.9967676905730003,5.011339426040649,0.9966490265084748,5.16686817337485
86,0.9966515187754126,4.9720399379730225,0.9966490554883228,5.164602728777154
87,0.9966993542214782,4.883647680282593,0.996649633634681,5.161373360403653
88,0.9967813578433048,4.3634421825408936,0.9966511305006879,5.152305960655212
89,0.9967813578433048,3.3944129943847656,0.9966525937292566,5.1325543542926235
90,0.9967198551269347,3.482980728149414,0.9966533410781198,5.1142257584465876
91,0.9969316978166536,4.91544508934021,0.9966563999433783,5.112041355489374
92,0.9967061878566303,5.0246946811676025,0.9966569411163484,5.1110919351163115
93,0.9966310178699559,4.890568733215332,0.9966566623717636,5.10872071789157
94,0.9967813578433048,3.510493040084839,0.9966579889193332,5.091718295787243
95,0.9967813578433048,4.920933485031128,0.9966592875395855,5.089920560937179
96,0.9967403560323914,5.000065565109253,0.9966601320030524,5.0889845713973045
97,0.9967403560323914,4.769181966781616,0.9966609590549013,5.085687637329102
98,0.9964806778966071,5.08885645866394,0.9966591194512452,5.085719972240682
99,0.9965490142481293,4.349603176116943,0.9966580072774764,5.078284449047512
100,0.996788191478457,4.948009252548218,0.9966593091194862,5.07698169708252
101,0.9967608569378481,3.8687491416931152,0.9966603145434304,5.065018998514308
102,0.9967403560323914,4.015294790267944,0.9966610992639104,5.054727584707971
103,0.9965968496941948,3.576321840286255,0.9966604754816802,5.040374130878634
104,0.9969180305463491,4.718682289123535,0.9966629519726866,5.037280940092527
105,0.9965695151535859,4.646608829498291,0.996662062098219,5.033560253324962
106,0.9967813578433048,4.974849224090576,0.9966631875297763,5.033006375690676
107,0.9966925205863258,3.9175288677215576,0.9966634616704917,5.022581352251712
108,0.9965216797075204,4.627603054046631,0.9966621488745383,5.01892414578685
109,0.9968975296408925,3.4675745964050293,0.9966643083311103,5.004691581113623
110,0.9968223596542181,4.421096563339233,0.9966657451613204,4.999386171861128
111,0.9969795332627192,4.90825080871582,0.9966685720811528,4.998565132553513
112,0.9967061878566303,4.9240500926971436,0.9966689079362909,4.997899819697652
113,0.9964670106263026,4.9352126121521,0.9966671212344326,4.9973450656485765
114,0.9967061878566303,4.709872722625732,0.996667463924101,4.9948233784290785
115,0.9967335223972392,4.926769256591797,0.9966680383456066,4.99423160345658
116,0.9966105169644993,4.360937595367432,0.9966675424716315,4.9887721723523635
117,0.9967198551269347,4.415365695953369,0.9966679895883435,4.983871262297671
118,0.9964533433559982,3.7040226459503174,0.9966661705524761,4.9730250875828625
119,0.9965900160590426,4.959268569946289,0.9966655305987498,4.97290948659432
120,0.9965148460723682,3.881075143814087,0.9966642748943635,4.963810867071151
121,0.9965148460723682,4.344204902648926,0.9966630399454214,4.9586901566213815
122,0.9968633614651313,4.949331998825073,0.9966646819250912,4.958613450409936
123,0.996788191478457,4.848552227020264,0.9966656860678014,4.957718643715711
124,0.9964738442614549,3.0536458492279053,0.99666413895646,4.942363217953713
125,0.9967676905730003,4.347389221191406,0.9966649673693923,4.937603425979614
126,0.9965490142481293,4.4323508739471436,0.9966640471065251,4.9335934850904675
127,0.996665186045717,4.128838062286377,0.9966640560745502,4.9272568282179945
128,0.9967676905730003,5.036276340484619,0.9966648657190693,4.9281085431575775
129,0.9965558478832816,4.7336084842681885,0.9966640206195672,4.926600790763086
130,0.996603683329347,4.130064964294434,0.9966635564865653,4.9204735920979426
131,0.9963713397341716,3.7256174087524414,0.9966613258243333,4.91135255253042
132,0.9967540233026959,4.58911395072937,0.9966620280779572,4.908911351001624
133,0.9969111969111969,4.228992223739624,0.9966639015278314,4.903799177112436
134,0.9966241842348037,3.4739925861358643,0.9966636051301222,4.893128978672312
135,0.9966378515051082,4.930473327636719,0.9966634143625295,4.893405603479456
136,0.9968633614651313,3.7321808338165283,0.9966648845618133,4.884867186055464
137,0.9967061878566303,3.773043155670166,0.9966651860457171,4.876751682184039
138,0.9964875115317593,4.858671188354492,0.996663898549239,4.87662066411281
139,0.9965763487887381,3.6342015266418457,0.996663268694847,4.867682396936759
140,0.9966241842348037,3.6188478469848633,0.9966629895201324,4.858762150151389
141,0.9968906960057402,4.919987916946411,0.9966646044597465,4.859196375447808
142,0.996603683329347,4.238505125045776,0.9966641754377014,4.854825310304132
143,0.9965626815184337,3.2722561359405518,0.9966634656900143,4.84375839300089
144,0.9967471896675436,4.445757627487183,0.9966640471065248,4.840994498795933
145,0.9963576724638672,3.746311664581299,0.9966619341779549,4.8334449620082465
146,0.996603683329347,4.654552459716797,0.9966615351995397,4.832219670896661
147,0.9968633614651313,4.945244312286377,0.9966629081673328,4.832988546008155
148,0.9969248641815014,4.923840522766113,0.9966646781404017,4.833602410715979
149,0.9965900160590426,4.660938262939453,0.9966641770526072,4.832443590932244
150,0.9967198551269347,4.934285402297974,0.9966645482397695,4.8331225363413495
151,0.9963986742747805,3.5809288024902344,0.9966627874850345,4.824829862607236
152,0.9967403560323914,4.908524513244629,0.9966632978044249,4.825380485308798
153,0.9968770287354358,3.99367094039917,0.9966646947386145,4.819944475211349
154,0.9964806778966071,3.261133909225464,0.9966634998240561,4.809822328678973
155,0.9968428605596747,3.534268856048584,0.9966646569900923,4.801592951436197
156,0.996788191478457,4.095586061477661,0.9966654488778383,4.797067266244155
157,0.9965900160590426,4.135854959487915,0.9966649684140244,4.792855722889019
158,0.9966515187754126,4.284862279891968,0.9966648832897292,4.78964057451562
159,0.9966241842348037,3.787407398223877,0.9966646273208303,4.78333722120561
160,0.996603683329347,5.057495832443237,0.9966642464208835,4.785050712525845
161,0.9964875115317593,2.9945991039276123,0.996663148688653,4.773929895081135
162,0.9966310178699559,3.394685745239258,0.996662950350266,4.7654160423043335
163,0.9970273687087846,5.069108009338379,0.9966651860457171,4.767279183206383
164,0.9967745242081525,5.466068267822266,0.9966658527418294,4.771540092258919
165,0.9966173505996515,4.385867357254028,0.9966655587894525,4.769202681743738
166,0.9967676905730003,4.28403115272522,0.9966661740411606,4.766279961689409
167,0.9965900160590426,4.005186080932617,0.9966657180053397,4.761722513301644
168,0.9968086923839137,4.0834808349609375,0.9966665690433073,4.757685360454378
169,0.9968360269245224,4.813937664031982,0.9966675717526635,4.758018214321701
170,0.9966105169644993,3.5136189460754395,0.9966672361362625,4.750698218626135
171,0.9964533433559982,4.711326360702515,0.9966659853012902,4.750467973842955
172,0.9965216797075204,5.170712232589722,0.99666514631528,4.752911254417064
173,0.9969043632760447,6.008199691772461,0.9966665290722786,4.76016725694513
174,0.9966241842348037,5.349586725234985,0.9966662857111437,4.763554725153693
175,0.9966173505996515,4.346888780593872,0.9966660060819351,4.761173776899065
176,0.9965421806129771,5.052292823791504,0.9966653025281343,4.762827862392772
177,0.9964328424505415,4.7662365436553955,0.9966639891943626,4.762847120479002
178,0.9966925205863258,5.868891477584839,0.9966641494830815,4.769060852822293
179,0.996446509720846,4.507140636444092,0.996662933618488,4.767597611390013
180,0.9965558478832816,4.259267807006836,0.9966623386977369,4.7647735569212175
181,0.9968155260190659,6.1035754680633545,0.9966631850365287,4.772170252562886
182,0.9966925205863258,4.198617219924927,0.9966633462208682,4.769018862273667
183,0.9967540233026959,4.500887870788574,0.9966638417240476,4.767553665598885
184,0.9965763487887381,4.595463752746582,0.9966633662189645,4.766618394333383
185,0.9964806778966071,5.108404874801636,0.9966623787145193,4.7684658888224005
186,0.9969316978166536,6.064841032028198,0.9966638266666813,4.775435647656841
187,0.9967540233026959,5.705498218536377,0.9966643090016333,4.78040924429256
188,0.996603683329347,5.828108549118042,0.9966639865246529,4.7859821129352484
189,0.9963713397341716,4.680579423904419,0.9966624381289363,4.7854244267499
190,0.9965968496941948,4.598985433578491,0.9966620929266481,4.784443168891103
191,0.9966788533160215,5.963740825653076,0.9966621806773779,4.79061750217258
192,0.9962688352068884,5.16826057434082,0.9966601320030524,4.792584393173456
193,0.9966993542214782,5.467261075973511,0.996660335226982,4.796080127281228
194,0.9966583524105648,5.171715021133423,0.9966603250062788,4.798016389620673
195,0.9965831824238904,4.47318172454834,0.9966599294032922,4.79635057082543
196,0.9967335223972392,5.354263067245483,0.9966603048777511,4.799197063154104
197,0.9967198551269347,4.057015419006348,0.99666060716328,4.795429643640664
198,0.9967608569378481,4.071275949478149,0.9966611134752728,4.791772301750954
199,0.9966583524105648,4.136491060256958,0.9966610996005757,4.788479431190682
200,0.9964396760856938,3.62551212310791,0.9966599924830013,4.782664594650268
201,0.9967198551269347,4.212899208068848,0.9966602903071006,4.779829940985684
202,0.9966515187754126,4.628271579742432,0.9966602468836763,4.7790796520686385
203,0.9964670106263026,4.201047420501709,0.9966592949809306,4.776232202652053
204,0.9965148460723682,3.953544855117798,0.9966585868980454,4.772199421536689
205,0.9964533433559982,4.673970699310303,0.9966575857100355,4.771720257038023
206,0.9969590323572625,4.962866306304932,0.9966590490432744,4.772648150481067
207,0.9965421806129771,3.020270824432373,0.9966584844614857,4.764182559533972
208,0.9965216797075204,3.388521671295166,0.9966578267463224,4.757568805263593
209,0.996603683329347,4.493577241897583,0.9966575676869109,4.756305687735526
210,0.9967471896675436,4.4308953285217285,0.9966579944582474,4.754756114596412
211,0.996508012437216,3.9824421405792236,0.9966572836429818,4.751095858795383
212,0.996603683329347,3.540020704269409,0.9966570308113136,4.745383240141958
213,0.9967130214917825,3.7759852409362793,0.9966572936783581,4.740832075826439
214,0.9968086923839137,4.939886808395386,0.9966580011489449,4.741762238128163
215,0.9965968496941948,4.9847047328948975,0.996657716723574,4.7428922032201015
216,0.9966173505996515,4.9778947830200195,0.9966575298433705,4.7439801781265825
217,0.9964328424505415,5.44960880279541,0.9966564944175971,4.747231922940724
218,0.9967608569378481,6.332123517990112,0.9966569731447543,4.754502067872144
219,0.9964738442614549,5.972882032394409,0.9966561369398078,4.760065446705578
220,0.9968018587487614,4.990180015563965,0.9966567993116666,4.761111422018572
221,0.9967540233026959,5.263807058334351,0.996657239239228,4.763386062906878
222,0.9965148460723682,4.730478048324585,0.9966565978285664,4.763237828606957
223,0.996726688762087,5.135033845901489,0.9966569121376854,4.764905075321283
224,0.996726688762087,4.728553533554077,0.9966572236404726,4.764742791652679
225,0.996508012437216,5.848287343978882,0.9966565604795692,4.769558545218573
226,0.9964670106263026,5.4254310131073,0.9966557217634043,4.772460635784453
227,0.996665186045717,5.542726039886475,0.996655763456278,4.7758538754501005
228,0.9967130214917825,5.096890449523926,0.9966560145880127,4.777261930599547
229,0.9968428605596747,5.324326992034912,0.9966568305092863,4.779650860998828
230,0.9966105169644993,5.38713264465332,0.9966566291460481,4.782292086145152
231,0.9969180305463491,6.269762754440308,0.9966577607538417,4.788731353107469
232,0.9967471896675436,4.932191610336304,0.9966581462232973,4.789349716285179
233,0.9964875115317593,5.069068193435669,0.9966574138855653,4.790550224770803
234,0.9966446851402604,4.82637882232666,0.9966573594892179,4.790703338435573
235,0.9963781733693238,4.792655944824219,0.9966561714631758,4.790711647398928
236,0.996446509720846,4.649151563644409,0.9966552830659624,4.790111816535561
237,0.9963918406396283,4.214266300201416,0.9966541714945433,4.78768208861854
238,0.9966310178699559,6.365504503250122,0.9966540742104064,4.79431159456237
239,0.9966310178699559,5.01829195022583,0.9966539777403627,4.795248750862218
240,0.996726688762087,4.564218521118164,0.9966542807029534,4.794286124904951
241,0.9967676905730003,4.962726831436157,0.9966547512833269,4.794985048998441
242,0.9967335223972392,4.953019142150879,0.9966550767837976,4.7956380824412195
243,0.9965148460723682,4.311337471008301,0.9966544997026807,4.793645075809809
244,0.996665186045717,4.449678182601929,0.9966545434991685,4.792235375427809
245,0.9967540233026959,5.012321472167969,0.996654949539183,4.793133686026748
246,0.996726688762087,4.955632448196411,0.9966552411620402,4.793794250100609
247,0.9964875115317593,4.633427858352661,0.9966545620947111,4.793144993453856
248,0.9968086923839137,4.981318712234497,0.9966551835878128,4.7939037584489395
249,0.9964943451669115,4.212921380996704,0.9966545376503794,4.79157049588889
250,0.9965490142481293,3.7355029582977295,0.9966541155567705,4.787346225738525
251,0.9966446851402604,4.302642822265625,0.99665407798539,4.785415136481661
252,0.9969316978166536,3.283252716064453,0.996655179651387,4.7794541744958785
253,0.9968428605596747,4.21070122718811,0.9966559214731588,4.777206139131025
254,0.9967130214917825,4.973756313323975,0.9966561462763819,4.777979958714463
255,0.9965968496941948,4.245783090591431,0.9966559137407655,4.775892912172804
256,0.9965216797075204,3.837632894515991,0.996655389389073,4.772227833978832
257,0.9967130214917825,4.006396055221558,0.9966556136384999,4.769247943789114
258,0.9968291932893703,4.234565734863281,0.9966562864278443,4.767175532126611
259,0.9963030033826494,4.380438566207886,0.9966549224006428,4.7656823392080065
260,0.9964943451669115,3.3283560276031494,0.9966543047958978,4.760154161086449
261,0.9966173505996515,3.7755069732666016,0.996654163208939,4.756381566497101
262,0.9966583524105648,4.9418323040008545,0.9966541791982582,4.757089393739482
263,0.9965968496941948,3.677718162536621,0.996653961215353,4.752985320617038
264,0.9968770287354358,3.823957681655884,0.9966548061680804,4.749466276530064
265,0.9967608569378481,3.943603515625,0.9966552063596646,4.746425284979479
266,0.9969180305463491,4.919034242630005,0.9966561944205168,4.747074190835307
267,0.9971162059657634,4.919635534286499,0.9966579173101994,4.747720488001791
268,0.9965490142481293,3.8145110607147217,0.9966575109554902,4.744238363273108
269,0.9967403560323914,4.694068193435669,0.9966578189297538,4.744051857065534
270,0.9965626815184337,4.117006778717041,0.9966574665689711,4.741729467886466
271,0.9968428605596747,4.931225776672363,0.9966581506796379,4.742428716258369
272,0.9964396760856938,3.4231388568878174,0.9966573474642189,4.737578385893037
273,0.9966925205863258,4.933649301528931,0.996657476303494,4.738296594375219
274,0.9965148460723682,4.463986158370972,0.9966569557552053,4.7372954613971014
275,0.9968223596542181,3.6098790168762207,0.996657557223929,4.733195765235207
276,0.9965831824238904,4.3974668979644775,0.9966572877500158,4.73197935629582
277,0.9964055079099327,4.049375772476196,0.9966563787975244,4.729515083430046
278,0.9966105169644993,4.031868934631348,0.9966562138269021,4.727005564909187
279,0.9966173505996515,3.723870038986206,0.9966560745321807,4.723410097074337
280,0.9968906960057402,4.4296650886535645,0.9966569124660148,4.72236100775855
281,0.996603683329347,3.5279669761657715,0.9966567230384822,4.718110495190603
282,0.9967335223972392,4.329133033752441,0.9966569953766339,4.7167311424904685
283,0.9964738442614549,3.007040500640869,0.9966563481995485,4.710689832801954
284,0.9967813578433048,3.8934147357940674,0.9966567883743505,4.707812103587137
285,0.9965831824238904,4.30133318901062,0.9966565301078575,4.706385861781605
286,0.9963576724638672,4.086073398590088,0.9966554851510604,4.704216937085132
287,0.9966446851402604,4.376707077026367,0.9966554475203606,4.703075787746948
288,0.9966788533160215,4.97929835319519,0.9966555287904844,4.704034893876976
289,0.9966720196808693,4.754216909408569,0.9966555858523888,4.704208534069127
290,0.9963371715584105,3.458292245864868,0.9966544878720648,4.699912271006354
291,0.9967335223972392,3.953033924102783,0.9966547594683711,4.697345678748953
292,0.9968155260190659,3.8151438236236572,0.9966553100387503,4.694324439519073
293,0.9965763487887381,4.549540042877197,0.9966550405464294,4.693830294820636
294,0.9966993542214782,4.614057779312134,0.9966551912732153,4.693558959733872
295,0.9966788533160215,4.724930047988892,0.9966552714835301,4.693665302405923
296,0.9965968496941948,3.063994884490967,0.9966550741126201,4.688159659102157
297,0.9965558478832816,4.195996046066284,0.9966547400175717,4.686502542559948
298,0.9965763487887381,5.001016616821289,0.996654476959757,4.68755795891653
299,0.9964943451669115,4.059070348739624,0.9966539414019214,4.685455993665102
300,0.9969863668978713,4.832765340805054,0.9966550494869078,4.6859470248222355
301,0.9966515187754126,4.323643922805786,0.9966550377569693,4.684743360031483
302,0.9967745242081525,3.872678756713867,0.9966554334074699,4.682054404391359
303,0.9966993542214782,4.993952989578247,0.9966555783606516,4.683083772659302
304,0.9965695151535859,3.901632070541382,0.9966552952579967,4.680513207849703
305,0.9964943451669115,3.712665319442749,0.99665476755278,4.677339936084435
306,0.9966788533160215,4.795068025588989,0.9966548462644247,4.677724668403077
307,0.996726688762087,4.677090644836426,0.9966550802790749,4.677722603179733
308,0.9968086923839137,4.624887466430664,0.996655579019675,4.67755106052795
309,0.9965695151535859,3.615412473678589,0.9966553004958365,4.674113718822936
310,0.9969590323572625,4.994194269180298,0.9966562802760347,4.675146236727315
311,0.9966515187754126,4.845319986343384,0.9966562649657433,4.675693419201965
312,0.9967335223972392,2.9067795276641846,0.9966565125857162,4.670023823395754
313,0.9968770287354358,4.9600510597229,0.9966572171101561,4.670950427984658
314,0.9965148460723682,3.283412456512451,0.9966567636992079,4.666531517247486
315,0.9967130214917825,4.221518278121948,0.9966569422953747,4.6651187768058175
316,0.9967608569378481,4.938459873199463,0.9966572711391801,4.665983780275417
317,0.9965421806129771,4.933288335800171,0.9966569080775831,4.6668270123117725
318,0.9965900160590426,3.974599599838257,0.9966566977253236,4.664650196549277
319,0.9968223596542181,4.961461067199707,0.9966572170417152,4.665580638150063
320,0.9966788533160215,4.211128234863281,0.9966572846550722,4.664160474389791
321,0.9966378515051082,4.74311637878418,0.9966572241156643,4.664406442939307
322,0.9963781733693238,4.24941611289978,0.9966563574984396,4.663117653094464
323,0.9967403560323914,4.159103631973267,0.9966566175558202,4.661557238168392
324,0.996788191478457,3.3258674144744873,0.9966570236481741,4.6574347387125465
325,0.9966173505996515,4.187876462936401,0.9966569015772556,4.6559899440178505
326,0.9967608569378481,3.9426913261413574,0.9966572204587297,4.653801911447677
327,0.9966515187754126,3.6620569229125977,0.9966572030223894,4.650769052155521
328,0.9967676905730003,4.3050220012664795,0.9966575398746778,4.649714945293054
329,0.9965285133426727,4.354232311248779,0.9966571476967688,4.648816821785321
330,0.996603683329347,3.808009147644043,0.9966569856835342,4.646268919742469
331,0.9967335223972392,3.4504811763763428,0.9966572169122766,4.642656267949822
332,0.9966788533160215,4.933573484420776,0.9966572820821675,4.643532524625939
333,0.9967745242081525,3.9692540168762207,0.9966576341606239,4.641507664242306
334,0.9964806778966071,4.0126259326934814,0.99665710435145,4.639624784806531
335,0.9968496941948269,4.911100625991821,0.996657679246505,4.640435160451861
336,0.9965558478832816,4.883341312408447,0.9966573761769715,4.6411580954279215
337,0.9967471896675436,4.907317638397217,0.9966576426858456,4.641947886356614
338,0.9966105169644993,4.119150876998901,0.9966575032606346,4.640401149642538
339,0.9966925205863258,4.91942024230957,0.9966576065565805,4.641224214812647
340,0.9966583524105648,4.937007188796997,0.9966576087502688,4.642094164736131
341,0.9968565278299791,4.999062776565552,0.9966581920906785,4.643140993509824
342,0.9967608569378481,4.819972276687622,0.9966584922802901,4.643658044045432
343,0.9967130214917825,4.544175386428833,0.9966586512575832,4.643368007142759
344,0.9968360269245224,4.877329349517822,0.9966591668845218,4.644048127324083
345,0.9965148460723682,4.0392491817474365,0.9966587485633273,4.642295086902121
346,0.9965831824238904,4.800482273101807,0.9966585301640805,4.642752275301542
347,0.9965011788020638,3.943885087966919,0.996658076701942,4.640738248825073
348,0.9968360269245224,4.8150246143341064,0.9966585880531563,4.641239071714467
349,0.9966788533160215,4.597655296325684,0.996658646119812,4.641114189836562
350,0.9966993542214782,3.6551449298858643,0.996658762428674,4.638297134808131
351,0.9965353469778249,5.005275726318359,0.9966584108177028,4.639342657860867
352,0.9968018587487614,4.9410271644592285,0.9966588183402343,4.640199716118249
353,0.9968018587487614,4.980842351913452,0.9966592235538562,4.641164709420785
354,0.9967130214917825,4.1962738037109375,0.9966593755254323,4.6399079554498535
355,0.9969180305463491,3.2036712169647217,0.996660104131125,4.635862218158346
356,0.9964943451669115,3.108539581298828,0.996659638516057,4.631571986032336
357,0.9966993542214782,4.0263731479644775,0.9966597497645315,4.6298767511918095
358,0.9967813578433048,3.427316427230835,0.9966600894519024,4.626517644141639
359,0.9967061878566303,4.16257905960083,0.996660217859715,4.625225336106706
360,0.9967950251136092,4.956690311431885,0.996660592324309,4.626146072149277
361,0.9968565278299791,4.29443359375,0.9966611350819425,4.625227201017977
362,0.9965626815184337,3.358527421951294,0.9966608631107726,4.621728030357572
363,0.9969043632760447,4.902065753936768,0.9966615339101261,4.622500310587817
364,0.996508012437216,3.744617462158203,0.9966611121478379,4.620088544520703
365,0.996446509720846,3.624460458755493,0.9966605241959832,4.617360796340525
366,0.996945365086958,4.080489635467529,0.9966613024497836,4.615893935245243
367,0.9967061878566303,4.5434794425964355,0.9966614247533444,4.615696620551377
368,0.9964396760856938,4.153869390487671,0.9966608221754432,4.614441655252291
369,0.9965968496941948,3.1856725215911865,0.9966606488082853,4.610569652180039
370,0.9966105169644993,4.894284009933472,0.9966605133168156,4.611336447741534
371,0.9966173505996515,4.726607084274292,0.9966603969752599,4.611647150265881
372,0.9964191751802371,3.425248861312866,0.9966597485295745,4.608457907553642
373,0.9965285133426727,4.970905303955078,0.9966593966926122,4.609429616391179
374,0.9967676905730003,4.788815498352051,0.996659686248442,4.609909257786796
375,0.9963098370178016,4.877639293670654,0.9966587533171604,4.610623204549154
376,0.9965831824238904,4.786074638366699,0.9966585523307421,4.611089830702924
377,0.9965490142481293,4.452914237976074,0.9966582617787989,4.610670266796486
378,0.9967130214917825,4.204853057861328,0.9966584066457643,4.609596676296658
379,0.9967335223972392,4.219269275665283,0.9966586048403593,4.608566788696048
380,0.9969316978166536,4.9727702140808105,0.9966593235060863,4.609525218762849
381,0.9967130214917825,3.855768918991089,0.9966594644456814,4.607546855771322
382,0.9964601769911504,3.6743366718292236,0.9966589427507743,4.605103897174615
383,0.9966173505996515,4.938798427581787,0.9966588341550794,4.605975162267063
384,0.9964533433559982,4.131617069244385,0.9966582990227902,4.6047398547331495
385,0.9969385314518058,4.8936607837677,0.9966590268992291,4.605490298704668
386,0.996508012437216,4.9592444896698,0.996658635670053,4.606406760339293
387,0.9969043632760447,4.926302433013916,0.9966592706251073,4.607233364144653
388,0.9968291932893703,4.923038959503174,0.9966597085701182,4.608047296091454
389,0.9966446851402604,3.655424118041992,0.9966596699494759,4.605598393320118
390,0.9965831824238904,4.487894773483276,0.9966594738276154,4.60529658916669
391,0.9966993542214782,4.466329336166382,0.9966595758235077,4.60494117419738
392,0.9967130214917825,4.7726356983184814,0.9966597121644981,4.60536896635075
393,0.9965216797075204,4.272033452987671,0.9966593609368722,4.604520784382905
394,0.9965558478832816,4.103610515594482,0.996659098213386,4.603249438523036
395,0.9966583524105648,3.729279041290283,0.9966590963252776,4.6010368552389025
396,0.9968975296408925,4.912106513977051,0.9966596984296099,4.60182238468016
397,0.9968633614651313,3.6513283252716064,0.9966602114347373,4.599428193094749
398,0.9964191751802371,4.104202747344971,0.9966596058160073,4.5981839080551765
399,0.9966446851402604,4.48810338973999,0.99665956842083,4.59790801703183
400,0.9966173505996515,4.645858287811279,0.9966594628762769,4.598027892708778
401,0.9965968496941948,4.413033723831177,0.9966593067336783,4.597566560616814
402,0.9965421806129771,3.4692468643188477,0.996659015375169,4.594759795203138
403,0.9968360269245224,4.002753257751465,0.9966594546097829,4.5932907963509
404,0.996603683329347,3.8953254222869873,0.996659316562059,4.591563159286386
405,0.9963030033826494,4.968277931213379,0.9966584367764308,4.59249331921707
406,0.9966446851402604,3.743346929550171,0.9966584029054057,4.590401825646461
407,0.9963850070044761,4.64774227142334,0.9966577311710054,4.590542711262621
408,0.9965900160590426,4.715362071990967,0.9966575652025939,4.590848641068328
409,0.9965285133426727,3.4315242767333984,0.9966572496723739,4.588014107170198
410,0.9969521987221103,4.685806751251221,0.9966579690603001,4.588252625814298
411,0.9966583524105648,4.437804222106934,0.9966579699930258,4.587886571304061
412,0.9965421806129771,3.5290911197662354,0.9966576889508412,4.585316679431397
413,0.9965558478832816,4.421808958053589,0.9966574423622999,4.584920776958327
414,0.996412341545085,3.6015617847442627,0.9966568503313404,4.58254551369211
415,0.9967130214917825,4.2617692947387695,0.9966569856835343,4.581772558947644
416,0.9966310178699559,4.163484334945679,0.9966569232609056,4.580767058409178
417,0.9968360269245224,4.416989088058472,0.996657352766094,4.580374305482676
418,0.9966583524105648,4.933476448059082,0.996657355157588,4.581219047450563
419,0.9965968496941948,3.3416574001312256,0.9966572107531408,4.578260666430708
420,0.9967745242081525,4.91895318031311,0.9966574900708909,4.5790718390828085
421,0.996446509720846,4.389421463012695,0.9966569889299169,4.578621363130148
422,0.9966446851402604,4.92296576499939,0.9966569597740172,4.579437345125099
423,0.9966105169644993,4.295333385467529,0.9966568499801411,4.578765704558532
424,0.9966310178699559,4.972297430038452,0.996656789055353,4.579693845420514
425,0.996603683329347,3.9380757808685303,0.9966566641007035,4.578184155856862
426,0.9967130214917825,4.195401906967163,0.9966567963950489,4.577285605976839
427,0.9968428605596747,4.678968667984009,0.9966572321425071,4.577523739611516
428,0.9967061878566303,4.710008859634399,0.9966573465250167,4.577833284284467
429,0.9968701951002836,4.993985176086426,0.9966578426755418,4.5788033353143085
430,0.9968086923839137,3.904658794403076,0.996658193488817,4.577235557312189
431,0.9967471896675436,4.2573323249816895,0.9966583999764708,4.576493322434392
432,0.9966515187754126,4.064596891403198,0.9966583840477646,4.57530837699219
433,0.9968633614651313,4.918834447860718,0.9966588574367192,4.576101739742464
434,0.9961458297741483,3.1160717010498047,0.9966576753453308,4.5727376152293475
435,0.9962825024771927,3.699934720993042,0.9966568128789672,4.570731171794321
436,0.9965968496941948,3.4484565258026123,0.9966566753487269,4.568157147376909
437,0.9966310178699559,4.879705429077148,0.9966566166359608,4.568870072506658
438,0.996665186045717,4.946451425552368,0.9966566362008233,4.569732130390324
439,0.9967061878566303,3.9043984413146973,0.9966567490747547,4.568216563900402
440,0.9965421806129771,4.528900146484375,0.9966564886918869,4.568127208406275
441,0.9968155260190659,4.43530797958374,0.9966568493207467,4.567826031016654
442,0.9965626815184337,3.6812448501586914,0.9966566362714202,4.565820191240958
443,0.9965148460723682,3.73402738571167,0.9966563162032508,4.563942555111095
444,0.9964670106263026,2.7590954303741455,0.9966558898393388,4.559877584109435
445,0.9964738442614549,4.953880310058594,0.9966554807481526,4.560762983493591
446,0.9966378515051082,4.286420583724976,0.9966554412207018,4.5601478660053205
447,0.9967471896675436,4.481078386306763,0.9966556464744978,4.559970976788993
448,0.9966856869511737,4.708677768707275,0.9966557135291332,4.560302911592381
449,0.9967608569378481,4.596328258514404,0.9966559477015356,4.560383146218043
450,0.9968496941948269,4.830808401107788,0.9966563782492986,4.560984091228909
451,0.9964875115317593,4.930200099945068,0.9966560038219869,4.561802752002116
452,0.9965216797075204,3.5942580699920654,0.9966557066447426,4.559662166422448
453,0.9967745242081525,4.483581304550171,0.9966559689351696,4.559494217499992
454,0.9964055079099327,4.061453342437744,0.9966554172589025,4.5583972111672555
455,0.9968086923839137,4.940768480300903,0.996655754127309,4.559237587582934
456,0.9969385314518058,4.968426942825317,0.9966563742530208,4.56013493266022
457,0.9967813578433048,3.4871199131011963,0.9966566477400892,4.557786978569281
458,0.9968223596542181,3.8881728649139404,0.9966570095564956,4.556324939019816
459,0.9965353469778249,4.927010774612427,0.9966567444964113,4.557132533432871
460,0.9965353469778249,2.8851914405822754,0.9966564805887621,4.553497878883196
461,0.9968018587487614,2.959529161453247,0.9966567959426884,4.550040246090506
462,0.9969521987221103,4.70775842666626,0.996657435342644,4.550381627433744
463,0.9962620015717361,3.4080116748809814,0.9966565812740242,4.547914305721966
464,0.9967471896675436,3.594102621078491,0.9966567765507344,4.545858677091269
465,0.9966446851402604,3.6984870433807373,0.9966567505477012,4.544036372502645
466,0.9967335223972392,3.483443021774292,0.9966569152941593,4.541760421106232
467,0.9967130214917825,4.7684807777404785,0.9966570354359102,4.5422459036686185
468,0.996726688762087,3.65600848197937,0.9966571842678036,4.540352233964154
469,0.9967813578433048,3.8812246322631836,0.9966574490302248,4.538946844621508
470,0.9968223596542181,4.836894989013672,0.9966577999038928,4.539580776843619
471,0.9967061878566303,3.9074041843414307,0.9966579026383997,4.538238576010281
472,0.9967335223972392,4.893258333206177,0.9966580628497533,4.538990736512814
473,0.9967061878566303,3.973750352859497,0.9966581645939538,4.537795725130883
474,0.9965011788020638,3.6922781467437744,0.9966578334003001,4.536011932771417
475,0.9965763487887381,4.5286643505096436,0.9966576618537494,4.535996464177182
476,0.9967198551269347,4.801542282104492,0.9966577925118862,4.5365543335425755
477,0.9965900160590426,4.913553476333618,0.9966576504228867,4.537344688139622
478,0.9967061878566303,3.58750057220459,0.9966577519656352,4.535357566558168
479,0.9965763487887381,4.383106470108032,0.9966575820216332,4.53503971458228
480,0.9966993542214782,3.413719892501831,0.9966576690470497,4.532703631619612
481,0.9965831824238904,4.355242490768433,0.9966575141892052,4.532334689538841
482,0.9967540233026959,4.617944717407227,0.9966577144155817,4.532512303704543
483,0.9965763487887381,3.9721031188964844,0.996657545956727,4.531352036241172
484,0.9965968496941948,4.373390436172485,0.996657420551226,4.531025669298882
485,0.9966583524105648,4.9660422801971436,0.9966574224725855,4.531922610764651
486,0.996446509720846,4.468040227890015,0.99665698849573,4.531791165532399
487,0.9965968496941948,4.917470932006836,0.9966568650074311,4.5325831157715655
488,0.9965831824238904,4.623984098434448,0.9966567140185304,4.532770412867187
489,0.9967335223972392,4.595392942428589,0.9966568710908795,4.532898475299827
490,0.9967676905730003,4.950640678405762,0.9966570972530879,4.533751010408207
491,0.9967471896675436,4.008902072906494,0.9966572807406937,4.532682071635291
492,0.9966378515051082,3.7384111881256104,0.9966572412503775,4.531067699920841
493,0.9966720196808693,4.052202939987183,0.99665727122691,4.530096371807384
494,0.9966310178699559,3.676438808441162,0.9966572180824627,4.52836832005968
495,0.9965285133426727,3.602231502532959,0.9966569580728873,4.526497336589929
496,0.9967403560323914,4.448681831359863,0.9966571262139348,4.526340450490674
497,0.9968018587487614,4.88978910446167,0.9966574174262784,4.527071735508725
498,0.9968496941948269,4.541778564453125,0.9966578035242073,4.527101267293754
499,0.9965626815184337,3.6610634326934814,0.9966576128989452,4.525365720531028
500,0.9965900160590426,3.294586420059204,0.9966574777052654,4.522904161930084
501,0.996603683329347,4.8979856967926025,0.9966573703312616,4.523652827668333
502,0.9967403560323914,3.227997303009033,0.9966575356414232,4.5210718405674175
503,0.9963508388287149,4.777621507644653,0.996656925906209,4.521581879666975
504,0.9963918406396283,4.223681926727295,0.9966563999433784,4.520990808331777
505,0.9967471896675436,4.403797626495361,0.9966565797250105,4.52075874262517
506,0.9965626815184337,4.947871208190918,0.9966563941554324,4.521602838406921
507,0.9966993542214782,4.542381048202515,0.9966564788892904,4.521643821069239
508,0.996788191478457,4.096529960632324,0.9966567381660407,4.520806982761293
509,0.9967198551269347,3.9695897102355957,0.9966568621679286,4.5197240411649755
510,0.9966310178699559,4.547317028045654,0.9966568114928346,4.51977814506082
511,0.9966788533160215,2.786198616027832,0.9966568546275179,4.516385621520638
512,0.9965831824238904,4.927890777587891,0.996656710736495,4.517189342528582
513,0.9968086923839137,4.956454038619995,0.9966570069970164,4.518045608992697
514,0.9967130214917825,4.931995391845703,0.9966571159746327,4.518850958764785
515,0.9967540233026959,4.407912969589233,0.9966573041442016,4.51863554519357
516,0.9966720196808693,3.3716371059417725,0.9966573326626836,4.516412680001222
517,0.9967676905730003,4.932857513427734,0.9966575461209239,4.517218182580383
518,0.9966310178699559,4.974160194396973,0.9966574949080842,4.518100310016322
519,0.9966105169644993,4.949636697769165,0.9966574043918154,4.518931786678659
520,0.9964943451669115,4.078080177307129,0.9966570908163828,4.518083995122176
521,0.9964396760856938,4.809586524963379,0.9966566735136368,4.5186435009376105
522,0.9966856869511737,3.6234805583953857,0.9966567290949349,4.516928629400173
523,0.9966446851402604,3.8008153438568115,0.9966567060663408,4.515559387936419
524,0.9966241842348037,3.8604896068573,0.9966566440017767,4.51430925476642
525,0.996726688762087,4.047399520874023,0.9966567774203678,4.513419902892339
526,0.996883862370588,4.906420469284058,0.9966572091408054,4.514167052258103
527,0.9968086923839137,4.368111610412598,0.9966574965852896,4.513889907207163
528,0.9966583524105648,4.933797597885132,0.9966574982061706,4.514685186924356
529,0.9966788533160215,4.033491611480713,0.9966575385749984,4.513775558237318
530,0.9968701951002836,3.596768379211426,0.9966579398137254,4.51204535601274
531,0.9966720196808693,4.24622106552124,0.9966579663294828,4.511544745296184
532,0.9968360269245224,4.798707008361816,0.9966583010298493,4.5120845239861564
533,0.9964396760856938,3.618163585662842,0.9966578908517176,4.510407374008064
534,0.9968155260190659,4.854555606842041,0.9966581860486604,4.511051846354195
535,0.9967540233026959,4.910409450531006,0.9966583651837146,4.511798309165741
536,0.9968086923839137,4.8990395069122314,0.9966586456449089,4.5125207740869095
537,0.996788191478457,5.015959978103638,0.9966588868848226,4.513458277260125
538,0.9966788533160215,4.889520645141602,0.996658923997148,4.514157277943919
539,0.996665186045717,4.051022291183472,0.996658935615049,4.513298029359948
540,0.9967198551269347,3.914456844329834,0.99665904842896,4.512189064202485
541,0.9965763487887381,4.081147193908691,0.9966588955645603,4.511392313980131
542,0.9966925205863258,4.654050827026367,0.9966589576033459,4.511655521568777
543,0.996788191478457,4.983922719955444,0.9966591956031157,4.5125252585823805
544,0.9968018587487614,4.79351282119751,0.9966594578515452,4.513041779837188
545,0.9968428605596747,4.980184316635132,0.9966597943702757,4.5138989221065415
546,0.9966856869511737,4.906426668167114,0.996659841792585,4.514617837392366
547,0.996508012437216,4.7796502113342285,0.9966595642252077,4.515102357271602
548,0.9969111969111969,4.333333969116211,0.9966600234089413,4.514770663132633
549,0.9962483343014317,3.6686928272247314,0.9966592735198566,4.513229537748465
550,0.9965831824238904,3.559755325317383,0.9966591351724094,4.5114959482713175
551,0.9967813578433048,4.111490249633789,0.9966593569921388,4.510769985115896
552,0.9966173505996515,3.740680456161499,0.9966592808936017,4.509374895389529
553,0.9967745242081525,3.5492820739746094,0.9966594892901921,4.507638742005415
554,0.9967745242081525,4.3024513721466064,0.9966596969344484,4.507268367691591
555,0.9967130214917825,4.891210079193115,0.996659793014732,4.507960154559161
556,0.9968565278299791,4.472459554672241,0.9966601468543278,4.507896304559365
557,0.9965558478832816,3.8651795387268066,0.9966599596030333,4.506742414495033
558,0.9968496941948269,4.561651706695557,0.9966602996291833,4.506840818244497
559,0.996508012437216,4.419121742248535,0.9966600272012908,4.506683896820532
560,0.9966515187754126,5.009918928146362,0.9966600120076732,4.507582530805043
561,0.9966993542214782,4.83579158782959,0.9966600821363965,4.508167573687439
562,0.9966105169644993,4.455284118652344,0.9966599939421404,4.508073475013
563,0.9965148460723682,4.928157806396484,0.9966597361306488,4.508819628354711
564,0.9965626815184337,3.502645492553711,0.996659564048003,4.507035631660028
565,0.9965900160590426,3.501450538635254,0.9966594409542173,4.505255835035206
566,0.9965490142481293,3.5543437004089355,0.99665924585403,4.503575778260248
567,0.9965968496941948,4.011473894119263,0.9966591358078926,4.50270787370268
568,0.9967403560323914,4.619998931884766,0.9966592788012455,4.5029143720445495
569,0.9966105169644993,3.577758550643921,0.9966591931038172,4.501288439142264
570,0.9965216797075204,4.1347503662109375,0.9966589518522448,4.500645389891507
571,0.9968018587487614,5.005608081817627,0.9966592021270199,4.501529737863357
572,0.9965558478832816,4.2683961391448975,0.9966590214377824,4.501122161641821
573,0.9964943451669115,4.6982574462890625,0.9966587340446394,4.501466202278204
574,0.9967403560323914,3.502504587173462,0.9966588762432245,4.499725851032377
575,0.9968633614651313,4.220250368118286,0.9966592318696973,4.499239806714265
576,0.9965763487887381,4.897067546844482,0.9966590879754595,4.499930479874213
577,0.9966105169644993,3.309227466583252,0.9966590037969308,4.497866869799186
578,0.9965421806129771,4.736860513687134,0.9966588016806956,4.498280353612141
579,0.9965353469778249,3.853780746459961,0.9966585884601382,4.497167228211187
580,0.9966378515051082,4.927224159240723,0.9966585527067674,4.497908705678479
581,0.9966173505996515,4.89751935005188,0.9966584817909203,4.498596503689449
582,0.9963576724638672,3.073599100112915,0.9966579649364066,4.49614805454241
583,0.9965968496941948,5.031500577926636,0.9966578601075178,4.497066326452161
584,0.9966378515051082,4.908941268920898,0.9966578258462122,4.497771591764607
585,0.9964191751802371,4.960388660430908,0.9966574178963558,4.498562390172584
586,0.9965490142481293,4.863903760910034,0.996657232907195,4.499185839610702
587,0.9965763487887381,3.554327964782715,0.9966570951148298,4.497576200982375
588,0.9964943451669115,4.130481004714966,0.9966568183292039,4.496951889424097
589,0.9965558478832816,3.1220953464508057,0.9966566469023007,4.494617667789168
590,0.9968975296408925,4.4197165966033936,0.996657055178129,4.494490716821057
591,0.9964328424505415,4.154767990112305,0.9966566757995713,4.49391588987231
592,0.9964943451669115,4.926500082015991,0.9966564015924216,4.494646606413093
593,0.9967471896675436,4.895549535751343,0.9966565546920424,4.4953226653158564
594,0.9965968496941948,4.715138673782349,0.9966564541785781,4.495692725936171
595,0.9966856869511737,4.183220863342285,0.9966565033092883,4.495167563141895
596,0.9966105169644993,3.180011510848999,0.9966564261509916,4.492960925470262
597,0.9963030033826494,4.102907419204712,0.9966558341530548,4.492307569513369
598,0.9965421806129771,3.982386589050293,0.9966556440969676,4.491454858843698
599,0.9965285133426727,3.1418681144714355,0.9966554318586467,4.4892017924924925
600,0.9967130214917825,3.976463556289673,0.9966555278413686,4.4883472287654875
601,0.9966993542214782,3.662374973297119,0.9966556007637979,4.4869728988895
602,0.9964806778966071,3.2902374267578125,0.9966553101942512,4.484984966211541
603,0.9967813578433048,3.7562649250030518,0.9966555192284949,4.483776475264263
604,0.9963508388287149,3.8704867362976074,0.9966550147907469,4.482761094901735
605,0.9966515187754126,3.4623124599456787,0.9966550090122093,4.48107440294313
606,0.9966310178699559,4.6100263595581055,0.9966549694228657,4.481287194950746
607,0.996412341545085,4.403652667999268,0.9966545697064276,4.481159296224302
608,0.9967198551269347,4.571918249130249,0.996654677083764,4.481308570817897
609,0.9967676905730003,4.758903980255127,0.996654862655996,4.48176439250827
610,0.9967745242081525,4.714506149291992,0.996655058822475,4.48214593637185
611,0.9967335223972392,4.867199897766113,0.9966551872407644,4.482776139254656
612,0.9967403560323914,4.888063430786133,0.9966553264054565,4.483438373391145
613,0.996603683329347,4.9696056842803955,0.9966552421590028,4.484231468514945
614,0.9967403560323914,4.922398567199707,0.9966553807809463,4.4849450957115
615,0.9967540233026959,4.522768259048462,0.9966555411752909,4.485006596790097
616,0.9965968496941948,4.942752838134766,0.9966554458969124,4.485749691337734
617,0.9967540233026959,3.497990846633911,0.9966556056658035,4.484148785592671
618,0.9968086923839137,4.643027067184448,0.9966558533789395,4.484405870190716
619,0.996603683329347,4.5638813972473145,0.9966557690977608,4.48453426361084
620,0.9967061878566303,3.7970597743988037,0.9966558504183398,4.48342543378953
621,0.9966173505996515,5.079747915267944,0.9966557884218522,4.484385695434423
622,0.9965490142481293,3.124035358428955,0.9966556167591935,4.4821986370148
623,0.9966925205863258,3.9582910537719727,0.9966556759948709,4.481357693863528
624,0.9964533433559982,3.9283945560455322,0.9966553517438473,4.480471534988819
625,0.9968291932893703,3.8038904666900635,0.9966556298903202,4.479389005279541
626,0.9967540233026959,4.566889762878418,0.9966557870682954,4.4795287828475905
627,0.9965900160590426,4.934691429138184,0.9966556821703539,4.480254720082503
628,0.996665186045717,4.954042434692383,0.9966556973039133,4.481009159118506
629,0.9965968496941948,4.4150307178497314,0.9966556037465053,4.4809042649352495
630,0.9963850070044761,2.933809757232666,0.9966551742278672,4.478448559367467
631,0.996508012437216,3.376832962036133,0.9966549410079136,4.476702734332077
632,0.996665186045717,4.978099346160889,0.9966549572184165,4.477496083401427
633,0.9967676905730003,4.353123426437378,0.9966551353121834,4.477299602110804
634,0.9967950251136092,3.762645959854126,0.996655355958558,4.476172388164027
635,0.9968018587487614,4.67742657661438,0.9966555866716135,4.47648932389387
636,0.9966446851402604,4.719197750091553,0.9966555695308408,4.476870940916194
637,0.9966310178699559,4.134072780609131,0.996655530988202,4.476332796237532
638,0.9964943451669115,3.9485504627227783,0.996655278345849,4.475505551200675
639,0.9965421806129771,4.100480079650879,0.9966551013540919,4.474918656879002
640,0.996883862370588,4.185372352600098,0.99665545879318,4.474466240778566
641,0.9968906960057402,4.792430877685547,0.9966558257779109,4.474962285453928
642,0.9967950251136092,3.768474578857422,0.9966560425993062,4.473861837312811
643,0.996788191478457,4.5101587772369385,0.9966562481185584,4.473918286675057
644,0.9965626815184337,3.5648953914642334,0.9966561028288066,4.4725067604402575
645,0.9967403560323914,4.917593479156494,0.9966562334539285,4.4731968173685
646,0.9967608569378481,4.889280319213867,0.9966563954097859,4.473840909476619
647,0.9967540233026959,4.712495803833008,0.9966565463029744,4.474209773300973
648,0.9965626815184337,4.217922925949097,0.9966564014499116,4.473814268906911
649,0.9964191751802371,4.164474248886108,0.9966560359240726,4.47333762788993
650,0.9966925205863258,3.3991682529449463,0.9966560920543222,4.471685059620784
651,0.9966856869511737,4.855723142623901,0.9966561375149932,4.472274979871172
652,0.9963986742747805,3.5379040241241455,0.9966557426327229,4.470841895583217
653,0.9967540233026959,4.530421495437622,0.9966558931391087,4.4709331353992265
654,0.9965831824238904,4.260254859924316,0.9966557819606452,4.470610997363333
655,0.9967950251136092,4.1664228439331055,0.9966559945456115,4.470146587968783
656,0.9966788533160215,4.946954250335693,0.9966560293912982,4.470873428917512
657,0.9967335223972392,4.894317865371704,0.9966561473410787,4.471517940997352
658,0.9967198551269347,3.9375059604644775,0.9966562441614221,4.4707063726378795
659,0.9966925205863258,4.929081201553345,0.9966562992091079,4.471401933835019
660,0.9965695151535859,4.930732011795044,0.9966561677181145,4.472097888498595
661,0.9966856869511737,4.727994918823242,0.9966562123765609,4.472485024701809
662,0.9966241842348037,3.9550769329071045,0.9966561639956821,4.4717034414815755
663,0.9966378515051082,4.366221189498901,0.9966561363750327,4.471544343062296
664,0.9967061878566303,3.404834270477295,0.9966562117537702,4.469937851989125
665,0.9966173505996515,4.810219764709473,0.9966561533159446,4.470449554113517
666,0.9968701951002836,4.92772912979126,0.996656474700005,4.471136160083003
667,0.9964601769911504,3.3874897956848145,0.9966561804005915,4.469511502865015
668,0.9967061878566303,4.083399295806885,0.9966562552620527,4.4689334905789995
669,0.9966173505996515,4.962018966674805,0.996656197108596,4.469670539123238
670,0.9965900160590426,3.9791815280914307,0.9966560983309103,4.468938465972445
671,0.9967403560323914,4.178219556808472,0.996656223901255,4.468505203812737
672,0.9968633614651313,4.977243900299072,0.9966565321416775,4.469262255444413
673,0.9968155260190659,4.257111310958862,0.9966567683881521,4.4689470237289814
674,0.9966446851402604,4.232739210128784,0.9966567504604845,4.468596567032245
675,0.9968223596542181,4.59302544593811,0.9966569958074383,4.468780906112106
676,0.9965968496941948,3.635239839553833,0.9966569068338978,4.467547857197078
677,0.9968496941948269,3.970829725265503,0.9966571916010485,4.466814152423177
678,0.996665186045717,5.014037609100342,0.9966572033922648,4.467621266666064
679,0.9965285133426727,4.941113710403442,0.996657013863473,4.468318604580257
680,0.9965148460723682,4.285489082336426,0.9966568047931921,4.468049737635781
681,0.9963986742747805,4.886945486068726,0.9966564257469094,4.468664856209104
682,0.9966241842348037,3.469658851623535,0.9966563784719651,4.467200038020562
683,0.9968565278299791,4.819095611572266,0.9966566715164131,4.467715258479642
684,0.9966515187754126,4.053500175476074,0.996656663983166,4.467109680872912
685,0.9963576724638672,4.533428192138672,0.9966562274991962,4.467206496217825
686,0.9968223596542181,3.686215400695801,0.9966564696743493,4.466068025233099
687,0.9968428605596747,4.455254316329956,0.9966567409856817,4.466052284754347
688,0.9966993542214782,4.894906044006348,0.9966568029235244,4.466675618706748
689,0.9965831824238904,4.976353883743286,0.9966566960722913,4.4674153549404725
690,0.9965626815184337,4.902799129486084,0.9966565598193147,4.468046345918075
691,0.9966105169644993,4.103405475616455,0.9966564931871081,4.4675186456716185
692,0.9967198551269347,4.958382844924927,0.9966565847506049,4.468227987000019
693,0.9967950251136092,4.94519829750061,0.9966567845202484,4.46891625584634
694,0.9967608569378481,4.681859254837036,0.9966569344805045,4.469223090138834
695,0.9966310178699559,4.5767412185668945,0.9966568971904174,4.469377792481896
696,0.9965831824238904,3.4036879539489746,0.9966567912783965,4.467846628920785
697,0.9965968496941948,3.9105653762817383,0.9966567052789929,4.467047086234072
698,0.9967130214917825,3.5789616107940674,0.9966567859612462,4.465774757472697
699,0.9966788533160215,3.120018243789673,0.9966568175311386,4.46384949779647
700,0.9968155260190659,2.9625887870788574,0.9966570442575499,4.461704839638301
701,0.9966515187754126,4.898369789123535,0.9966570363752645,4.462327756827296
702,0.9966173505996515,4.297616243362427,0.9966569798428205,4.462093125041734
703,0.9967540233026959,4.933536052703857,0.9966571178847264,4.462763740870556
704,0.9969795332627192,4.930371522903442,0.9966575758611157,4.463427956470034
705,0.996508012437216,4.976382493972778,0.996657363714415,4.464155551558691
706,0.9967130214917825,3.954293966293335,0.9966574425497938,4.463433368010156
707,0.9963986742747805,3.4901018142700195,0.9966570765409183,4.46205666142778
708,0.9968496941948269,3.8503713607788086,0.9966573485997515,4.461192699138728
709,0.9968496941948269,4.920290470123291,0.9966576198911409,4.461840227729679
710,0.9965558478832816,4.493403911590576,0.9966574765502847,4.461884683622441
711,0.9965558478832816,3.6071271896362305,0.9966573336126378,4.460682493054247
712,0.9965216797075204,3.408519983291626,0.9966571430874901,4.45920473672031
713,0.9966173505996515,4.8842504024505615,0.9966570872775492,4.459800873698894
714,0.996788191478457,4.955380916595459,0.9966572708968783,4.460494963394828
715,0.9966310178699559,4.97967267036438,0.996657234179358,4.461221086061918
716,0.9967198551269347,4.074223041534424,0.9966573216387821,4.460680585999729
717,0.9964806778966071,4.333027601242065,0.9966570752737303,4.460502548364083
718,0.9969043632760447,4.734784364700317,0.9966574196859898,4.46088455646483
719,0.9966515187754126,4.881352424621582,0.9966574114788818,4.461469351830834
720,0.9965353469778249,3.2944986820220947,0.9966572419448525,4.459848559233877
721,0.9963918406396283,2.9209818840026855,0.9966568738431809,4.457714208782794
722,0.9964738442614549,4.064684867858887,0.9966566203396051,4.457169846814756
723,0.9967130214917825,4.934236288070679,0.9966566983494974,4.457829689748719
724,0.9965421806129771,3.837155818939209,0.9966565401758283,4.4569724053967725
725,0.9965900160590426,4.348531484603882,0.9966564484184258,4.45682283171292
726,0.9965626815184337,4.0379798412323,0.9966563192629162,4.45624591299325
727,0.9967540233026959,3.782299757003784,0.9966564536563685,4.455318889394915
728,0.996726688762087,4.791625499725342,0.9966565501331619,4.45578084902449
729,0.9966720196808693,4.383939266204834,0.996656571353392,4.455682300899909
730,0.9967540233026959,4.7267234325408936,0.996656704849213,4.456053590121335
731,0.9963986742747805,4.536470413208008,0.9966563518662112,4.456163599455243
732,0.9967061878566303,3.3844234943389893,0.9966564199481652,4.4546994736285805
733,0.9965831824238904,3.819594383239746,0.9966563200333982,4.453833027393398
734,0.9965831824238904,3.5529732704162598,0.9966562203908783,4.45260569802422
735,0.996412341545085,4.080362558364868,0.9966558885829248,4.452099244772983
736,0.9966993542214782,4.934060573577881,0.996655947639499,4.452754083534946
737,0.996508012437216,4.924793004989624,0.9966557469133088,4.4533945705382765
738,0.996788191478457,4.999238729476929,0.9966559263774891,4.454134196769901
739,0.9965421806129771,4.428715944290161,0.9966557724589986,4.454099801299698
740,0.9965831824238904,3.6063497066497803,0.9966556743643564,4.452954193063684
741,0.9967950251136092,4.991824626922607,0.9966558624220478,4.453681413622198
742,0.9968633614651313,4.941187858581543,0.9966561420703538,4.4543384303943805
743,0.9965285133426727,3.6898534297943115,0.996655970295485,4.453309513839065
744,0.9965626815184337,4.026595592498779,0.9966558449073436,4.452735973622209
745,0.9965011788020638,3.4005789756774902,0.9966556373018334,4.4513236823498
746,0.9967198551269347,4.455605983734131,0.9966557233847088,4.451329422700182
747,0.9965490142481293,4.318273544311523,0.996655580534459,4.451151302381053
748,0.9967471896675436,5.017784357070923,0.996655703006562,4.451908833202832
749,0.9967130214917825,3.422755002975464,0.9966557795332446,4.45053479604632
750,0.996412341545085,3.4408786296844482,0.9966554549492602,4.449188587824503
751,0.9966925205863258,4.077045679092407,0.9966555043043029,4.448693057985979
752,0.9967471896675436,4.97852087020874,0.9966556262263285,4.449397616246913
753,0.9968496941948269,4.813536643981934,0.9966558839527142,4.4498812006130954
754,0.9968223596542181,4.579140663146973,0.9966561047427692,4.450052632261018
755,0.9967471896675436,4.901370286941528,0.9966562253850537,4.450650403989072
756,0.9966788533160215,4.987948894500732,0.9966562553161794,4.451361116278108
757,0.996603683329347,4.394996643066406,0.9966561858683765,4.451286658585623
758,0.9966378515051082,4.561254978179932,0.996656161680562,4.451431735524402
759,0.9967813578433048,4.338252067565918,0.9966563266293931,4.451282618702322
760,0.9965148460723682,4.419960260391235,0.9966561404707655,4.451241405072965
761,0.9968155260190659,4.303298473358154,0.9966563499130103,4.4510469991180175
762,0.9968018587487614,3.6957449913024902,0.9966565408694877,4.450055789134008
763,0.9966925205863258,4.292242527008057,0.9966565880250798,4.4498489565493085
764,0.996726688762087,4.690331220626831,0.9966566797799713,4.450163723910666
765,0.996603683329347,3.5305631160736084,0.9966566105035652,4.44896163161284
766,0.9966993542214782,4.567816972732544,0.9966566663047636,4.449116795243545
767,0.9966993542214782,4.797539234161377,0.9966567219604566,4.449571061787114
768,0.996726688762087,4.912377834320068,0.9966568130630632,4.450173674772183
769,0.9968155260190659,4.9133546352386475,0.9966570194518226,4.450775990715573
770,0.9965490142481293,3.4080097675323486,0.9966568791853243,4.449421748867283
771,0.9967061878566303,4.740373849868774,0.9966569431395024,4.449799118648088
772,0.9966856869511737,5.213879346847534,0.996656980372419,4.450788859876326
773,0.9966788533160215,4.844189167022705,0.9966570086685944,4.451297786534989
774,0.9965490142481293,4.037963390350342,0.9966568691409194,4.450763762767309
775,0.9968906960057402,3.469078779220581,0.9966571708530031,4.449497072465958
776,0.9965216797075204,4.898299932479858,0.9966569962510115,4.450075426667007
777,0.9966925205863258,4.6219642162323,0.9966570419708767,4.450296647760399
778,0.9963098370178016,3.1274423599243164,0.9966565956920168,4.44859632091228
779,0.9966446851402604,4.607227325439453,0.9966565804024766,4.448799955064433
780,0.9965763487887381,3.674915313720703,0.9966564775414334,4.447807795267838
781,0.9967608569378481,4.924165964126587,0.9966566111898283,4.448417728902741
782,0.996788191478457,4.551731824874878,0.9966567794510669,4.448549844114981
783,0.996603683329347,3.6107394695281982,0.9966567116399281,4.447479843636582
784,0.9965216797075204,4.9434404373168945,0.9966565394053202,4.448112446434644
785,0.996726688762087,4.65642786026001,0.9966566287675583,4.448377816388562
786,0.9964396760856938,4.2051191329956055,0.9966563527463345,4.448068326969486
787,0.9968496941948269,4.92329216003418,0.9966565984152653,4.448672169197015
788,0.9967676905730003,4.292879343032837,0.9966567393951608,4.4484744625648265
789,0.9965011788020638,3.6373207569122314,0.9966565422334459,4.447446384357409
790,0.9963508388287149,3.944298267364502,0.9966561552671108,4.446809488006785
791,0.9969590323572625,4.971525430679321,0.9966565381711439,4.447472845709279
792,0.9966378515051082,3.242372751235962,0.9966565145768687,4.445951254680903
793,0.9967403560323914,4.910938501358032,0.9966566203037984,4.446537619430812
794,0.9967950251136092,3.6123831272125244,0.996656794617161,4.445487047022476
795,0.9965831824238904,4.410645008087158,0.9966567020232072,4.445443220558406
796,0.9966105169644993,4.368564128875732,0.9966566440017768,4.445346638784936
797,0.9966856869511737,3.4906442165374756,0.9966566804421149,4.4441487687444745
798,0.9967403560323914,4.610804080963135,0.996656785298744,4.444357609987857
799,0.9968428605596747,3.5842957496643066,0.9966570181839268,4.443281187133884
800,0.996412341545085,3.468831777572632,0.9966567123381281,4.442063125371933
801,0.9965626815184337,4.275922060012817,0.9966565949463434,4.44185570831156
802,0.9965695151535859,4.467086315155029,0.996656486368048,4.44188716792109
803,0.9963713397341716,4.665797472000122,0.996656131266387,4.4421660101428575
804,0.9967061878566303,3.789705514907837,0.9966561935258276,4.441354492113958
805,0.9967540233026959,4.933231353759766,0.9966563150535007,4.441965519271282
806,0.9968155260190659,3.8668315410614014,0.9966565125857161,4.441251953541493
807,0.9966720196808693,4.912205934524536,0.9966565318014473,4.441835539639365
808,0.9967608569378481,4.043504238128662,0.9966566609167152,4.441342555355318
809,0.9966583524105648,4.650097846984863,0.9966566630075604,4.441600596506899
810,0.9967745242081525,4.917968511581421,0.9966568085152154,4.442188705044028
811,0.9967745242081525,5.027271032333374,0.9966569536640354,4.442910138246605
812,0.9965490142481293,3.1624791622161865,0.9966568207337203,4.4413332528081435
813,0.9967608569378481,3.82698655128479,0.996656948699531,4.44057759880873
814,0.9966310178699559,4.945428371429443,0.996656916843475,4.441197808603104
815,0.9967813578433048,4.908297538757324,0.9966570695318183,4.4417709371063605
816,0.9967335223972392,4.943237543106079,0.9966571632240555,4.442385479515674
817,0.9965968496941948,4.167884826660156,0.9966570894008854,4.442049493404467
818,0.9966241842348037,4.9583845138549805,0.9966570491745211,4.442680709810887
819,0.9967676905730003,4.9293389320373535,0.9966571842678038,4.443274920094435
820,0.996508012437216,4.1609015464782715,0.9966570023509371,4.442930562321733
821,0.996603683329347,3.776521921157837,0.9966569374069401,4.442118858739316
822,0.996788191478457,5.013411283493042,0.9966570970834261,4.442813861689138
823,0.9964738442614549,4.06715726852417,0.9966568744190009,4.44235741382381
824,0.9968360269245224,4.63178825378418,0.9966570918370901,4.442587305619878
825,0.9969521987221103,3.5530686378479004,0.9966574495424053,4.441509101174095
826,0.9964806778966071,3.5613837242126465,0.9966572355331489,4.440443574083342
827,0.9967471896675436,4.356125354766846,0.9966573443047745,4.440341617348981
828,0.9966515187754126,4.8976030349731445,0.9966573372691111,4.440893865437899
829,0.9966583524105648,4.482207775115967,0.9966573384936485,4.44094370127587
830,0.9965285133426727,3.7289276123046875,0.996657183282623,4.440085850566266
831,0.9965763487887381,4.566509485244751,0.9966570860088639,4.4402379849040265
832,0.9966856869511737,4.857251882553101,0.9966571203849964,4.440739203531009
833,0.9968496941948269,4.9211461544036865,0.9966573515660406,4.441315922559667
834,0.9967335223972392,4.226465225219727,0.9966574428979726,4.4410583078146555
835,0.996788191478457,4.939900636672974,0.996657599483099,4.44165572377736
836,0.9963303379232583,3.454404592514038,0.9966572080219029,4.4404748013715425
837,0.9967950251136092,4.654104232788086,0.9966573726779264,4.440730033667141
838,0.9967471896675436,3.9929006099700928,0.9966574798581049,4.440195631013565
839,0.996508012437216,4.9484333992004395,0.9966573017086164,4.440801397125826
840,0.9966993542214782,4.900193691253662,0.9966573517711317,4.441348292714074
841,0.9963576724638672,3.831392288208008,0.9966569954342622,4.440623018035708
842,0.9966310178699559,4.383203029632568,0.9966569645820481,4.440554823275133
843,0.9965148460723682,4.016837120056152,0.9966567959954411,4.440052192547709
844,0.9965968496941948,3.997365713119507,0.9966567249690179,4.439527682500993
845,0.9968223596542181,3.6805810928344727,0.9966569209863968,4.438629520856417
846,0.9966378515051082,4.883764982223511,0.9966568984456389,4.439155685704368
847,0.9965695151535859,3.517568588256836,0.9966567952776434,4.438067625376804
848,0.996412341545085,2.720578193664551,0.9966565070067325,4.436042284065822
849,0.9964191751802371,4.181228399276733,0.996656227463945,4.435742149925906
850,0.9964943451669115,4.971590995788574,0.9966560370141838,4.436372560332803
851,0.9966515187754126,3.735675096511841,0.996656031704855,4.435549179059218
852,0.9966515187754126,4.189046382904053,0.9966560264079894,4.4352598565285195
853,0.9968086923839137,3.8500523567199707,0.9966562053833422,4.434573798498263
854,0.9966310178699559,4.458386182785034,0.9966561758897668,4.434601681852229
855,0.9966105169644993,3.651277780532837,0.9966561224875151,4.4336855135465925
856,0.9966378515051082,4.088258981704712,0.9966561011429095,4.433281977878552
857,0.996603683329347,4.909278392791748,0.9966560399785995,4.433837399599572
858,0.996508012437216,3.3552682399749756,0.9966558674523275,4.432580325986955
859,0.9966788533160215,3.9803590774536133,0.996655894211191,4.432053875173762
860,0.9967130214917825,4.883360862731934,0.9966559606382616,4.43257865074069
861,0.9965216797075204,4.904405117034912,0.9966558046789923,4.433126648959383
862,0.996665186045717,3.2240993976593018,0.9966558155622484,4.431724065141169
863,0.9967540233026959,4.965595960617065,0.9966559293603254,4.432342688426773
864,0.9966446851402604,4.450755834579468,0.9966559163461818,4.432363999938524
865,0.9966105169644993,3.3163602352142334,0.9966558638613475,4.431073822175836
866,0.9967403560323914,4.284474611282349,0.9966559614273648,4.43090453902238
867,0.9965968496941948,3.597665548324585,0.9966558932477418,4.429943479056177
868,0.9967608569378481,3.2258355617523193,0.9966560141736522,4.428556257953292
869,0.9965831824238904,4.964277744293213,0.9966559303626628,4.429172738374857
870,0.9966105169644993,4.9725282192230225,0.9966558781633544,4.429797284904567
871,0.9969385314518058,4.87567138671875,0.9966562026791852,4.430309195469222
872,0.9965831824238904,4.258134126663208,0.9966561189403602,4.430111746995821
873,0.9966856869511737,4.088165044784546,0.9966561528097884,4.429720055469805
874,0.9965695151535859,4.411239385604858,0.9966560536820354,4.42969891053861
875,0.9965831824238904,4.370328903198242,0.9966559704005974,4.4296310591016494
876,0.9968428605596747,3.9370830059051514,0.996656183745528,4.42906878963453
877,0.996726688762087,4.369823932647705,0.9966562641389334,4.429001235635686
878,0.9964670106263026,4.932387113571167,0.9966560485882355,4.4295745680706915
879,0.9969658659924147,4.577615976333618,0.9966564010539969,4.429742988330377
880,0.9967608569378481,4.92591118812561,0.9966565197538649,4.430306815830144
881,0.9967540233026959,4.718472957611084,0.9966566304275867,4.430633905661905
882,0.9966993542214782,4.964328765869141,0.9966566788672622,4.431239001875292
883,0.996726688762087,4.875129699707031,0.9966567581536663,4.431741709347355
884,0.9967335223972392,4.889973402023315,0.9966568449910459,4.432260070990653
885,0.9968291932893703,4.892077207565308,0.9966570397348858,4.432779638376613
886,0.9963030033826494,2.973607301712036,0.9966566401453235,4.431132717003402
887,0.9966173505996515,4.951258182525635,0.9966565958504581,4.431719104224961
888,0.9967335223972392,3.491877794265747,0.9966566824794522,4.430660724371403
889,0.9966788533160215,3.9755303859710693,0.9966567074185259,4.430148766735408
890,0.9963508388287149,4.2583324909210205,0.9966563637459531,4.42995571474011
891,0.9964601769911504,4.155588626861572,0.9966561435587984,4.429647783103883
892,0.9967198551269347,4.2823944091796875,0.9966562149843232,4.42948270084612
893,0.9966173505996515,3.8614094257354736,0.9966561714631758,4.428846560560443
894,0.9965353469778249,4.929858684539795,0.9966560363127448,4.429406976806504
895,0.9968223596542181,4.702296495437622,0.9966562221488804,4.429711881296595
896,0.9967676905730003,4.474888563156128,0.9966563465556038,4.429762301700456
897,0.9966105169644993,3.5239148139953613,0.9966562954635291,4.428752438280495
898,0.9965421806129771,3.2704579830169678,0.996656168386858,4.427462578085324
899,0.9966925205863258,4.919985055923462,0.99665620882312,4.428010434011729
900,0.9966241842348037,4.2561564445495605,0.996656173240244,4.427819485134549
901,0.9965148460723682,4.424765586853027,0.9966560163843419,4.427816095680296
902,0.9966241842348037,4.104172945022583,0.9966559810937105,4.427457289526574
903,0.9965011788020638,4.882354259490967,0.9966558096626011,4.427961051398073
904,0.9965148460723682,4.935847759246826,0.9966556537294261,4.4285228729775525
905,0.996883862370588,3.849024772644043,0.9966559058936705,4.427882543584919
906,0.9965148460723682,4.451405763626099,0.9966557501985035,4.427908507403949
907,0.9966925205863258,4.916996002197266,0.9966557907391737,4.428447743892144
908,0.9966788533160215,4.933082342147827,0.9966558161384874,4.429003508868196
909,0.9966515187754126,4.607949256896973,0.9966558114109152,4.429200368877029
910,0.9966310178699559,4.045152902603149,0.9966557841652658,4.42877833869431
911,0.9967471896675436,4.511075019836426,0.9966558845006142,4.428868675336618
912,0.9967335223972392,4.952969789505005,0.9966559696298867,4.429443347610925
913,0.9964328424505415,2.899451494216919,0.9966557252408623,4.427767562448391
914,0.9967950251136092,4.5232017040252686,0.9966558776477252,4.427871976170029
915,0.9965626815184337,4.46369743347168,0.996655775794032,4.427911129675277
916,0.9967061878566303,4.461815118789673,0.996655830829035,4.427948142763829
917,0.9966925205863258,4.598727226257324,0.9966558708396753,4.428134379496101
918,0.9966241842348037,4.310376882553101,0.9966558363226765,4.42800610335564
919,0.9966378515051082,4.339232444763184,0.9966558167526901,4.427909505250534
920,0.9967198551269347,4.450038909912109,0.9966558863596187,4.427933558951254
921,0.9965490142481293,4.856028318405151,0.9966557703204095,4.428398374108098
922,0.9965353469778249,3.3024723529815674,0.996655639709409,4.427177196210998
923,0.996323504288106,4.438618421554565,0.996655279866049,4.427189591904761
924,0.9969248641815014,3.8818814754486084,0.996655571623966,4.426599431605566
925,0.9966515187754126,4.2301247119903564,0.9966555672425081,4.42638702650328
926,0.9967608569378481,4.612850189208984,0.9966556809462829,4.426588390609873
927,0.9968770287354358,4.560024261474609,0.996655919724912,4.426732334375639
928,0.9968291932893703,4.479990482330322,0.996656106442115,4.42678972462128
929,0.9969043632760447,4.944103479385376,0.9966563736722914,4.427346574734051
930,0.9968360269245224,3.2944586277008057,0.9966565668478314,4.426128415651219
931,0.9965968496941948,4.745446443557739,0.9966565027048093,4.426471399569486
932,0.9965558478832816,3.9148952960968018,0.9966563947060738,4.42592249817091
933,0.9965558478832816,4.5985119342803955,0.9966562869388469,4.426107481489355
934,0.9967061878566303,4.853952646255493,0.9966563403659536,4.426565559824223
935,0.9968906960057402,3.9458377361297607,0.9966565910136967,4.426051412419202
936,0.9965968496941948,4.08563232421875,0.9966565271875006,4.42568771681215
937,0.9966105169644993,4.908272981643677,0.9966564780837408,4.426202749111863
938,0.9963918406396283,3.5779924392700195,0.9966561959542695,4.425298473728237
939,0.9966241842348037,4.5048828125,0.9966561618629814,4.425383228082627
940,0.9964943451669115,2.917794704437256,0.9966559897175601,4.42377941050428
941,0.9965763487887381,3.618072748184204,0.9966559050832042,4.422923186633589
942,0.9966583524105648,4.793859958648682,0.9966559076812163,4.42331696240006
943,0.9966993542214782,4.9895853996276855,0.9966559537538994,4.423917459152157
944,0.9966788533160215,3.6647162437438965,0.9966559780119102,4.4231132205765125
945,0.9966993542214782,4.15562629699707,0.9966560239126612,4.422830165630926
946,0.9966241842348037,4.925668716430664,0.9966559902554963,4.4233617074393825
947,0.9967745242081525,3.918959379196167,0.996656115423345,4.422829075624976
948,0.9964670106263026,4.883434057235718,0.996655915945711,4.423314945858742
949,0.9967130214917825,4.554413557052612,0.9966559761201537,4.423453089811528
950,0.9966925205863258,4.890747308731079,0.9966560145880128,4.423944978463022
951,0.9965968496941948,4.317326545715332,0.9966559523746649,4.423832866546358
952,0.9967813578433048,4.904994964599609,0.9966560841030984,4.424338288918263
953,0.996788191478457,4.472011566162109,0.9966562227257377,4.424388313343492
954,0.9965900160590426,3.574270248413086,0.9966561533267161,4.423497204260756
955,0.996726688762087,4.933555603027344,0.9966562271858107,4.42403129682491
956,0.9967950251136092,3.9189178943634033,0.9966563723719276,4.4235029355252635
957,0.9970205350736324,4.9284961223602295,0.9966567528972167,4.424030619106073
958,0.9963713397341716,4.026474714279175,0.9966564549711593,4.423615633819198
959,0.996726688762087,4.388782739639282,0.9966565282076462,4.423579311718906
960,0.9967061878566303,5.022466421127319,0.9966565799364472,4.424203152457873
961,0.9966310178699559,4.140604019165039,0.9966565533370023,4.423908044098567
962,0.9965285133426727,3.558408737182617,0.9966564202392953,4.423008356669341
963,0.9967061878566303,4.945029258728027,0.9966564719190639,4.423550434449257
964,0.9966720196808693,4.9203948974609375,0.9966564880474477,4.4240658332698075
965,0.996788191478457,3.807147264480591,0.996656624527687,4.42342653941614
966,0.9967403560323914,4.379448652267456,0.9966567112062633,4.423381013653047
967,0.996665186045717,4.912325859069824,0.9966567199703165,4.423886644310148
968,0.996788191478457,4.955679655075073,0.9966568557879902,4.424436017255153
969,0.9966378515051082,3.0876598358154297,0.9966568361757272,4.423056475272243
970,0.9967745242081525,4.939964532852173,0.9966569575035956,4.423589370176964
971,0.9965421806129771,4.918444395065308,0.996656839298765,4.424099004600124
972,0.9965558478832816,3.6696012020111084,0.9966567353981317,4.423322772292934
973,0.9967130214917825,3.9893991947174072,0.9966567932461211,4.422876807670554
974,0.9966925205863258,4.920273780822754,0.9966568299271685,4.423387482180977
975,0.9966378515051082,3.4370014667510986,0.9966568104621203,4.422375804216434
976,0.9968155260190659,4.153733730316162,0.9966569730805187,4.422100556189896
977,0.9968770287354358,4.010791540145874,0.9966571983166035,4.421679564361806
978,0.9966583524105648,3.2096569538116455,0.9966571994966588,4.420440277438954
979,0.9966105169644993,4.941070079803467,0.9966571518127648,4.420972074989888
980,0.9966583524105648,4.445518732070923,0.9966571530378646,4.420997122599154
981,0.9965763487887381,4.359397649765015,0.9966570706685994,4.420934330068232
982,0.9967198551269347,4.52993106842041,0.996657134603893,4.421045324710139
983,0.9968155260190659,4.9146811962127686,0.9966572957345291,4.421547497519399
984,0.9966241842348037,4.997943878173828,0.996657262084631,4.422133266198926
985,0.996603683329347,4.4804534912109375,0.9966572076899556,4.422192474549192
986,0.9966515187754126,4.435085296630859,0.9966572019202653,4.422205550433656
987,0.9965011788020638,3.5606119632720947,0.9966570438421314,4.421332608602692
988,0.9966173505996515,3.713581085205078,0.9966570036667848,4.420616260906946
989,0.9965285133426727,3.755246162414551,0.9966568737473469,4.41994349033213
990,0.9967608569378481,4.696244239807129,0.9966569787808727,4.420222581998266
991,0.9965968496941948,4.921357154846191,0.9966569181057094,4.420728267742815
992,0.9963918406396283,4.615032434463501,0.9966566508905219,4.420924138878623
993,0.9965968496941948,4.954023838043213,0.9966565906677662,4.421460996581708
994,0.9967471896675436,4.690610647201538,0.9966566818136413,4.4217317708781065
995,0.9967540233026959,4.89743709564209,0.9966567796442836,4.422209866681889
996,0.9967198551269347,4.887274980545044,0.9966568429730814,4.422676799527133
997,0.996665186045717,4.312652826309204,0.9966568513412585,4.422566444488801
998,0.9962825024771927,2.9259676933288574,0.9966564762421963,4.421066846541747
999,0.9968428605596747,4.639880180358887,0.9966566628130846,4.421285878907931
1000,0.9967540233026959,4.330246686935425,0.9966567601735744,4.421194839715958
